<?xml version="1.0" encoding="UTF-8"?>
<beans xmlns="http://www.springframework.org/schema/beans"
	xmlns:xsi="http://www.w3.org/2001/XMLSchema-instance"
	xsi:schemaLocation="http://www.springframework.org/schema/beans https://www.springframework.org/schema/beans/spring-beans.xsd">
	
	<!-- Root Context: defines shared resources visible to all other web components -->
		
		
		   <!-- Facebook 소셜 로그인 연결 설정 -->
 
    <bean id="connectionFactory"
        class="org.springframework.social.facebook.connect.FacebookConnectionFactory">
        <constructor-arg value="387651321840926" />
        <constructor-arg value="b745f8e3b2ba90fdef1889dc5aae6582" />
    </bean>
 
    <bean id="oAuth2Parameters"
        class="org.springframework.social.oauth2.OAuth2Parameters">
        <property name="scope" value="email" />
        <property name="redirectUri" value="https://localhost:8443/login/callback" />
    </bean>
 
</beans>
